[
  {
    "state": "Abia",
    "local": [
      "Aba North",
      "Aba South",
      "Arochukwu",
      "Bende",
      "Ikwuano",
      "Isiala Ngwa North",
      "Isiala Ngwa South",
      "Isuikwuato",
      "Obi Ngwa",
      "Ohafia",
      "Osisioma",
      "Ugwunagbo",
      "Ukwa East",
      "Ukwa West",
      "Umuahia North",
      "Umuahia South",
      "Umu Nneochi"
    ]
  },
  {
    "state": "Adamawa State",
    "local": [
      "Demsa",
      "Fufure",
      "Ganye",
      "Gayuk",
      "Gombi",
      "Grie",
      "Hong",
      "Jada",
      "Lamurde",
      "Madagali",
      "Maiha",
      "Mayo Belwa",
      "Michika",
      "Mubi North",
      "Mubi South",
      "Numan",
      "Shelleng",
      "Song",
      "Toungo",
      "Yola North",
      "Yola South"
    ]
  },
  {
    "state": "Akwa Ibom State",
    "local": [
      "Abak",
      "Eastern Obolo",
      "Eket",
      "Esit Eket",
      "Essien Udim",
      "Etim Ekpo",
      "Etinan",
      "Ibeno",
      "Ibesikpo Asutan",
      "Ibiono-Ibom",
      "Ika",
      "Ikono",
      "Ikot Abasi",
      "Ikot Ekpene",
      "Ini",
      "Itu",
      "Mbo",
      "Mkpat-Enin",
      "Nsit-Atai",
      "Nsit-Ibom",
      "Nsit-Ubium",
      "Obot Akara",
      "Okobo",
      "Onna",
      "Oron",
      "Oruk Anam",
      "Udung-Uko",
      "Ukanafun",
      "Uruan",
      "Urue-Offong Oruko",
      "Uyo"
    ]
  },
  {
    "state": "Anambra State",
    "local": [
      "Aguata",
      "Anambra East",
      "Anambra West",
      "Anaocha",
      "Awka North",
      "Awka South",
      "Ayamelum",
      "Dunukofia",
      "Ekwusigo",
      "Idemili North",
      "Idemili South",
      "Ihiala",
      "Njikoka",
      "Nnewi North",
      "Nnewi South",
      "Ogbaru",
      "Onitsha North",
      "Onitsha South",
      "Orumba North",
      "Orumba South",
      "Oyi"
    ]
  },
  {
    "state": "Bauchi State",
    "local": [
      "Alkaleri",
      "Bauchi",
      "Bogoro",
      "Damban",
      "Darazo",
      "Dass",
      "Gamawa",
      "Ganjuwa",
      "Giade",
      "Itas Gadau",
      "Jamaare",
      "Katagum",
      "Kirfi",
      "Misau",
      "Ningi",
      "Shira",
      "Tafawa Balewa",
      "Toro",
      "Warji",
      "Zaki"
    ]
  },
  {
    "state": "Bayelsa State",
    "local": [
      "Brass",
      "Ekeremor",
      "Kolokuma Opokuma",
      "Nembe",
      "Ogbia",
      "Sagbama",
      "Southern Ijaw",
      "Yenagoa"
    ]
  },
  {
    "state": "Benue State",
    "local": [
      "Agatu",
      "Apa",
      "Ado",
      "Buruku",
      "Gboko",
      "Guma",
      "Gwer East",
      "Gwer West",
      "Katsina-Ala",
      "Konshisha",
      "Kwande",
      "Logo",
      "Makurdi",
      "Obi",
      "Ogbadibo",
      "Ohimini",
      "Oju",
      "Okpokwu",
      "Oturkpo",
      "Tarka",
      "Ukum",
      "Ushongo",
      "Vandeikya"
    ]
  },
  {
    "state": "Borno State",
    "local": [
      "Abadam",
      "Askira Uba",
      "Bama",
      "Bayo",
      "Biu",
      "Chibok",
      "Damboa",
      "Dikwa",
      "Gubio",
      "Guzamala",
      "Gwoza",
      "Hawul",
      "Jere",
      "Kaga",
      "Kala Balge",
      "Konduga",
      "Kukawa",
      "Kwaya Kusar",
      "Mafa",
      "Magumeri",
      "Maiduguri",
      "Marte",
      "Mobbar"
    ]
  },
  {
    "state": "Cross River State",
    "local": [
      "Abi",
      "Akamkpa",
      "Akpabuyo",
      "Bakassi",
      "Bekwarra",
      "Biase",
      "Boki",
      "Calabar Municipal",
      "Calabar South",
      "Etung",
      "Ikom",
      "Obanliku",
      "Obubra",
      "Obudu",
      "Odukpani",
      "Ogoja",
      "Yakuur",
      "Yala"
    ]
  },
  {
    "state": "Delta State",
    "local": [
      "Aniocha North",
      "Aniocha South",
      "Bomadi",
      "Burutu",
      "Ethiope East",
      "Ethiope West",
      "Ika North East",
      "Ika South",
      "Isoko North",
      "Isoko South",
      "Ndokwa East",
      "Ndokwa West",
      "Okpe",
      "Oshimili North",
      "Oshimili South",
      "Patani",
      "Sapele",
      "Udu",
      "Ughelli North",
      "Ughelli South",
      "Ukwuani",
      "Uvwie",
      "Warri North",
      "Warri South",
      "Warri South West"
    ]
  },
  {
    "state": "Ebonyi State",
    "local": [
      "Abakaliki",
      "Afikpo North",
      "Afikpo South",
      "Ebonyi",
      "Ezza North",
      "Ezza South",
      "Ikwo",
      "Ishielu",
      "Ivo",
      "Izzi",
      "Ohaozara",
      "Ohaukwu",
      "Onicha"
    ]
  },
  {
    "state": "Edo State",
    "local": [
      "Akoko-Edo",
      "Egor",
      "Esan Central",
      "Esan North-East",
      "Esan South-East",
      "Esan West",
      "Etsako Central",
      "Etsako East",
      "Etsako West",
      "Igueben",
      "Ikpoba Okha",
      "Orhionmwon",
      "Oredo",
      "Ovia North-East",
      "Ovia South-West",
      "Owan East",
      "Owan West",
      "Uhunmwonde"
    ]
  },
  {
    "state": "Ekiti State",
    "local": [
      "Ado Ekiti",
      "Efon",
      "Ekiti East",
      "Ekiti South-West",
      "Ekiti West",
      "Emure",
      "Gbonyin",
      "Ido Osi",
      "Ijero",
      "Ikere",
      "Ikole",
      "Ilejemeje",
      "Irepodun Ifelodun",
      "Ise Orun",
      "Moba",
      "Oye"
    ]
  },
  {
    "state": "Enugu State",
    "local": [
      "Aninri",
      "Awgu",
      "Enugu East",
      "Enugu North",
      "Enugu South",
      "Ezeagu",
      "Igbo Etiti",
      "Igbo Eze North",
      "Igbo Eze South",
      "Isi Uzo",
      "Nkanu East",
      "Nkanu West",
      "Nsukka",
      "Oji River",
      "Udenu",
      "Udi",
      "Uzo Uwani"
    ]
  },
  {
    "state": "Enugu State",
    "local": [
      "Aninri",
      "Awgu",
      "Enugu East",
      "Enugu North",
      "Enugu South",
      "Ezeagu",
      "Igbo Etiti",
      "Igbo Eze North",
      "Igbo Eze South",
      "Isi Uzo",
      "Nkanu East",
      "Nkanu West",
      "Nsukka",
      "Oji River",
      "Udenu",
      "Udi",
      "Uzo Uwani"
    ]
  },
  {
    "state": "FCT",
    "local": [
      "Abaji",
      "Bwari",
      "Gwagwalada",
      "Kuje",
      "Kwali",
      "Municipal Area Council"
    ]
  },
  {
    "state": "Gombe State",
    "local": [
      "Akko",
      "Balanga",
      "Billiri",
      "Dukku",
      "Funakaye",
      "Gombe",
      "Kaltungo",
      "Kwami",
      "Nafada",
      "Shongom",
      "Yamaltu Deba"
    ]
  },
  {
    "state": "Imo State",
    "local": [
      "Aboh Mbaise",
      "Ahiazu Mbaise",
      "Ehime Mbano",
      "Ezinihitte",
      "Ideato North",
      "Ideato South",
      "Ihitte Uboma",
      "Ikeduru",
      "Isiala Mbano",
      "Isu",
      "Mbaitoli",
      "Ngor Okpala",
      "Njaba",
      "Nkwerre",
      "Nwangele",
      "Obowo",
      "Oguta",
      "Ohaji Egbema",
      "Okigwe",
      "Orlu",
      "Orsu",
      "Oru East",
      "Oru West",
      "Owerri Municipal",
      "Owerri North",
      "Owerri West",
      "Unuimo"
    ]
  },
  {
    "state": "Jigawa State",
    "local": [
      "Auyo",
      "Babura",
      "Biriniwa",
      "Birnin Kudu",
      "Buji",
      "Dutse",
      "Gagarawa",
      "Garki",
      "Gumel",
      "Guri",
      "Gwaram",
      "Gwiwa",
      "Hadejia",
      "Jahun",
      "Kafin Hausa",
      "Kazaure",
      "Kiri Kasama",
      "Kiyawa",
      "Kaugama",
      "Maigatari",
      "Malam Madori",
      "Miga",
      "Ringim",
      "Roni",
      "Sule Tankarkar",
      "Taura",
      "Yankwashi"
    ]
  },
  {
    "state": "Kaduna State",
    "local": [
      "Birnin Gwari",
      "Chikun",
      "Giwa",
      "Igabi",
      "Ikara",
      "Jaba",
      "Jemaa",
      "Kachia",
      "Kaduna North",
      "Kaduna South",
      "Kagarko",
      "Kajuru",
      "Kaura",
      "Kauru",
      "Kubau",
      "Kudan",
      "Lere",
      "Makarfi",
      "Sabon Gari",
      "Sanga",
      "Soba",
      "Zangon Kataf",
      "Zaria"
    ]
  },
  {
    "state": "Kano State",
    "local": [
      "Ajingi",
      "Albasu",
      "Bagwai",
      "Bebeji",
      "Bichi",
      "Bunkure",
      "Dala",
      "Dambatta",
      "Dawakin Kudu",
      "Dawakin Tofa",
      "Doguwa",
      "Fagge",
      "Gabasawa",
      "Garko",
      "Garun Mallam",
      "Gaya",
      "Gezawa",
      "Gwale",
      "Gwarzo",
      "Kabo",
      "Kano Municipal",
      "Karaye",
      "Kibiya",
      "Kiru",
      "Kumbotso",
      "Kunchi",
      "Kura",
      "Madobi",
      "Makoda",
      "Minjibir",
      "Nasarawa",
      "Rano",
      "Rimin Gado",
      "Rogo",
      "Shanono",
      "Sumaila",
      "Takai",
      "Tarauni",
      "Tofa",
      "Tsanyawa",
      "Tudun Wada",
      "Ungogo",
      "Warawa",
      "Wudil"
    ]
  },
  {
    "state": "Katsina State",
    "local": [
      "Bakori",
      "Batagarawa",
      "Batsari",
      "Baure",
      "Bindawa",
      "Charanchi",
      "Dandume",
      "Danja",
      "Dan Musa",
      "Daura",
      "Dutsi",
      "Dutsin Ma",
      "Faskari",
      "Funtua",
      "Ingawa",
      "Jibia",
      "Kafur",
      "Kaita",
      "Kankara",
      "Kankia",
      "Katsina",
      "Kurfi",
      "Kusada",
      "MaiAdua",
      "Malumfashi",
      "Mani",
      "Mashi",
      "Matazu",
      "Rimi",
      "Sabuwa",
      "Safana",
      "Sandamu",
      "Zango"
    ]
  },
  {
    "state": "Kebbi State",
    "local": [
      "Aleiro",
      "Arewa Dandi",
      "Argungu",
      "Augie",
      "Bagudo",
      "Birnin Kebbi",
      "Bunza",
      "Dandi",
      "Fakai",
      "Gwandu",
      "Jega",
      "Kalgo",
      "Koko Besse",
      "Maiyama",
      "Ngaski",
      "Sakaba",
      "Shanga",
      "Suru",
      "Wasagu Danko",
      "Yauri",
      "Zuru"
    ]
  },
  {
    "state": "Kwara State",
    "local": [
      "Asa",
      "Baruten",
      "Edu",
      "Ekiti",
      "Ifelodun",
      "Ilorin East",
      "Ilorin South",
      "Ilorin West",
      "Irepodun",
      "Isin",
      "Kaiama",
      "Moro",
      "Offa",
      "Oke Ero",
      "Oyun",
      "Pategi"
    ]
  },
  {
    "state": "Lagos State",
    "local": [
      "Agege",
      "Ajeromi-Ifelodun",
      "Alimosho",
      "Amuwo-Odofin",
      "Apapa",
      "Badagry",
      "Epe",
      "Eti Osa",
      "Ibeju-Lekki",
      "Ifako-Ijaiye",
      "Ikeja",
      "Ikorodu",
      "Kosofe",
      "Lagos Island",
      "Lagos Mainland",
      "Mushin",
      "Ojo",
      "Oshodi-Isolo",
      "Shomolu",
      "Surulere"
    ]
  },
  {
    "state": "Nasarawa State",
    "local": [
      "Akwanga",
      "Awe",
      "Doma",
      "Karu",
      "Keana",
      "Keffi",
      "Kokona",
      "Lafia",
      "Nasarawa",
      "Nasarawa Egon",
      "Obi",
      "Toto",
      "Wamba"
    ]
  },
  {
    "state": "Niger State",
    "local": [
      "Agaie",
      "Agwara",
      "Bida",
      "Borgu",
      "Bosso",
      "Chanchaga",
      "Edati",
      "Gbako",
      "Gurara",
      "Katcha",
      "Kontagora",
      "Lapai",
      "Lavun",
      "Magama",
      "Mariga",
      "Mashegu",
      "Mokwa",
      "Moya",
      "Paikoro",
      "Rafi",
      "Rijau",
      "Shiroro",
      "Suleja",
      "Tafa",
      "Wushishi"
    ]
  },
  {
    "state": "Ogun State",
    "local": [
      "Abeokuta North",
      "Abeokuta South",
      "Ado-Odo Ota",
      "Egbado North",
      "Egbado South",
      "Ewekoro",
      "Ifo",
      "Ijebu East",
      "Ijebu North",
      "Ijebu North East",
      "Ijebu Ode",
      "Ikenne",
      "Imeko Afon",
      "Ipokia",
      "Obafemi Owode",
      "Odeda",
      "Odogbolu",
      "Ogun Waterside",
      "Remo North",
      "Shagamu"
    ]
  },
  {
    "state": "Ondo State",
    "local": [
      "Akoko North-East",
      "Akoko North-West",
      "Akoko South-West",
      "Akoko South-East",
      "Akure North",
      "Akure South",
      "Ese Odo",
      "Idanre",
      "Ilaje",
      "Ile Oluji Okeigbo",
      "Irele",
      "Odigbo",
      "Okitipupa",
      "Ondo East",
      "Ondo West",
      "Ose",
      "Owo"
    ]
  },
  {
    "state": "Osun State",
    "local": [
      "Atakunmosa East",
      "Atakunmosa West",
      "Aiyedaade",
      "Aiyedire",
      "Boluwaduro",
      "Boripe",
      "Ede North",
      "Ede South",
      "Ife Central",
      "Ife East",
      "Ife North",
      "Ife South",
      "Egbedore",
      "Ejigbo",
      "Ifedayo",
      "Ifelodun",
      "Ila",
      "Ilesa East",
      "Ilesa West",
      "Irepodun",
      "Irewole",
      "Isokan",
      "Iwo",
      "Obokun",
      "Odo Otin",
      "Ola Oluwa",
      "Olorunda",
      "Oriade",
      "Orolu",
      "Osogbo"
    ]
  },
  {
    "state": "Oyo State",
    "local": [
      "Afijio",
      "Akinyele",
      "Atiba",
      "Atisbo",
      "Egbeda",
      "Ibadan North",
      "Ibadan North-East",
      "Ibadan North-West",
      "Ibadan South-East",
      "Ibadan South-West",
      "Ibarapa Central",
      "Ibarapa East",
      "Ibarapa North",
      "Ido",
      "Irepo",
      "Iseyin",
      "Itesiwaju",
      "Iwajowa",
      "Kajola",
      "Lagelu",
      "Ogbomosho North",
      "Ogbomosho South",
      "Ogo Oluwa",
      "Olorunsogo",
      "Oluyole",
      "Ona Ara",
      "Orelope",
      "Ori Ire",
      "Oyo",
      "Oyo East",
      "Saki East",
      "Saki West",
      "Surulere"
    ]
  },
  {
    "state": "Plateau State",
    "local": [
      "Bokkos",
      "Barkin Ladi",
      "Bassa",
      "Jos East",
      "Jos North",
      "Jos South",
      "Kanam",
      "Kanke",
      "Langtang South",
      "Langtang North",
      "Mangu",
      "Mikang",
      "Pankshin",
      "Quaan Pan",
      "Riyom",
      "Shendam",
      "Wase"
    ]
  },
  {
    "state": "Rivers State",
    "local": [
      "Abua Odual",
      "Ahoada East",
      "Ahoada West",
      "Akuku-Toru",
      "Andoni",
      "Asari-Toru",
      "Bonny",
      "Degema",
      "Eleme",
      "Emuoha",
      "Etche",
      "Gokana",
      "Ikwerre",
      "Khana",
      "Obio Akpor",
      "Ogba Egbema doni",
      "Ogu Bolo",
      "Okrika",
      "Omuma",
      "Opobo Nkoro",
      "Oyigbo",
      "Port Harcourt",
      "Tai"
    ]
  },
  {
    "state": "Sokoto State",
    "local": [
      "Binji",
      "Bodinga",
      "Dange Shuni",
      "Gada",
      "Goronyo",
      "Gudu",
      "Gwadabawa",
      "Illela",
      "Isa",
      "Kebbe",
      "Kware",
      "Rabah",
      "Sabon Birni",
      "Shagari",
      "Silame",
      "Sokoto North",
      "Sokoto South",
      "Tambuwal",
      "Tangaza",
      "Tureta",
      "Wamako",
      "Wurno",
      "Yabo"
    ]
  },
  {
    "state": "Taraba State",
    "local": [
      "Ardo Kola",
      "Bali",
      "Donga",
      "Gashaka",
      "Gassol",
      "Ibi",
      "Jalingo",
      "Karim Lamido",
      "Kumi",
      "Lau",
      "Sardauna",
      "Takum",
      "Ussa",
      "Wukari",
      "Yorro",
      "Zing"
    ]
  },
  {
    "state": "Yobe State",
    "local": [
      "Bade",
      "Bursari",
      "Damaturu",
      "Fika",
      "Fune",
      "Geidam",
      "Gujba",
      "Gulani",
      "Jakusko",
      "Karasuwa",
      "Machina",
      "Nangere",
      "Nguru",
      "Potiskum",
      "Tarmuwa",
      "Yunusari",
      "Yusufari"
    ]
  },
  {
    "state": "Zamfara State",
    "local": [
      "Anka",
      "Bakura",
      "Birnin MagajiKiyaw",
      "Bukkuyum",
      "Bungudu",
      "Gummi",
      "Gusau",
      "Kaura Namoda",
      "Maradun",
      "Maru",
      "Shinkafi",
      "Talata Mafara",
      "Chafe",
      "Zurmi"
    ]
  }
]